{
  "schemaVersion": 1,
  "id": "fabric-networking-api-v1-testmod",
  "name": "Fabric Networking API (v1) Test Mod",
  "version": "1.0.0",
  "environment": "*",
  "license": "Apache-2.0",
  "depends": {
    "fabric-networking-api-v1": "*"
  },
  "entrypoints": {
    "main": [
      "net.fabricmc.fabric.test.networking.channeltest.NetworkingChannelTest",
      "net.fabricmc.fabric.test.networking.keybindreciever.NetworkingKeybindPacketTest",
      "net.fabricmc.fabric.test.networking.login.NetworkingLoginQueryTest",
      "net.fabricmc.fabric.test.networking.play.NetworkingPlayPacketTest"
    ],
    "client": [
      "net.fabricmc.fabric.test.networking.channeltest.NetworkingChannelClientTest",
      "net.fabricmc.fabric.test.networking.keybindreciever.NetworkingKeybindClientPacketTest",
      "net.fabricmc.fabric.test.networking.login.NetworkingLoginQueryClientTest",
      "net.fabricmc.fabric.test.networking.play.NetworkingPlayPacketClientTest"
    ]
  }
}
