{
  "schemaVersion": 1,
  "id": "fabric-object-builders-v0",
  "name": "Fabric Object Builders (v0)",
  "version": "${version}",
  "environment": "*",
  "license": "Apache-2.0",
  "icon": "assets/fabric-object-builders-v0/icon.png",
  "contact": {
    "homepage": "https://fabricmc.net",
    "irc": "irc://irc.esper.net:6667/fabric",
    "issues": "https://github.com/FabricMC/fabric/issues",
    "sources": "https://github.com/FabricMC/fabric"
  },
  "authors": [
    "FabricMC"
  ],
  "depends": {
    "fabricloader": ">=0.8.2",
    "fabric-api-base": "*",
    "fabric-object-builder-api-v1": "*"
  },
  "description": "Legacy builders for objects vanilla has locked down, superseded by fabric-object-builder-api-v1.",
  "mixins": [
    "fabric-object-builders-v0.mixins.json"
  ],
  "custom": {
    "fabric-api:module-lifecycle": "deprecated"
  }
}
