{
  "schemaVersion": 1,
  "id": "fabric-models-v0",
  "name": "Fabric Models (v0)",
  "version": "${version}",
  "environment": "client",
  "license": "Apache-2.0",
  "icon": "assets/fabric-models-v0/icon.png",
  "contact": {
    "homepage": "https://fabricmc.net",
    "irc": "irc://irc.esper.net:6667/fabric",
    "issues": "https://github.com/FabricMC/fabric/issues",
    "sources": "https://github.com/FabricMC/fabric"
  },
  "authors": [
    "FabricMC"
  ],
  "depends": {
    "fabricloader": ">=0.4.0",
    "fabric-api-base": "*"
  },
  "description": "Hooks for models and model loading.",
  "mixins": [
    "fabric-models-v0.mixins.json"
  ],
  "custom": {
    "fabric-api:module-lifecycle": "stable"
  }
}
