{
  "schemaVersion": 1,
  "id": "fabric-dimensions-v1",
  "name": "Fabric Dimensions API (v1)",
  "version": "${version}",
  "license": "Apache-2.0",
  "icon": "assets/fabric-dimensions-v1/icon.png",
  "contact" : {
    "homepage": "https://fabricmc.net",
    "irc": "irc://irc.esper.net:6667/fabric",
    "issues": "https://github.com/FabricMC/fabric/issues",
    "sources": "https://github.com/FabricMC/fabric"
  },
  "authors": [
    "FabricMC"
  ],
  "depends": {
    "fabricloader": ">=0.4.0",
    "minecraft": ">=1.16-rc.3",
    "fabric-api-base": "*"
  },
  "description": "Fabric Dimension API.",
  "mixins": [
    "fabric-dimensions-v1.mixins.json"
  ],
  "custom": {
    "fabric-api:module-lifecycle": "experimental"
  }
}
