{
  "schemaVersion": 1,
  "id": "fabric-commands-v0",
  "name": "Fabric Commands (v0)",
  "version": "${version}",
  "environment": "*",
  "license": "Apache-2.0",
  "icon": "assets/fabric-commands-v0/icon.png",
  "contact": {
    "homepage": "https://fabricmc.net",
    "irc": "irc://irc.esper.net:6667/fabric",
    "issues": "https://github.com/FabricMC/fabric/issues",
    "sources": "https://github.com/FabricMC/fabric"
  },
  "authors": [
    "FabricMC"
  ],
  "depends": {
    "fabricloader": ">=0.4.0",
    "fabric-api-base": "*",
    "fabric-command-api-v1": "*"
  },
  "description": "Deprecated. Please migrate to v1",
  "mixins": [
  ],
  "custom": {
    "fabric-api:module-lifecycle": "deprecated"
  }
}
