{
  "schemaVersion": 1,
  "id": "fabric-mining-levels-v0",
  "name": "Fabric Mining Levels (v0)",
  "version": "${version}",
  "environment": "*",
  "license": "Apache-2.0",
  "icon": "assets/fabric-mining-levels-v0/icon.png",
  "contact": {
    "homepage": "https://fabricmc.net",
    "irc": "irc://irc.esper.net:6667/fabric",
    "issues": "https://github.com/FabricMC/fabric/issues",
    "sources": "https://github.com/FabricMC/fabric"
  },
  "authors": [
    "FabricMC"
  ],
  "depends": {
    "fabricloader": ">=0.4.0",
    "fabric-api-base": "*",
    "fabric-tag-extensions-v0": "*",
    "fabric-tool-attribute-api-v1": "*"
  },
  "description": "Block mining level tags for tools. Deprecated and replaced by fabric-tool-attribute-v1.",
  "custom": {
    "fabric-api:module-lifecycle": "deprecated"
  }
}
