{
  "schemaVersion": 1,
  "id": "fabric-object-builder-api-v1",
  "name": "Fabric Object Builder API (v1)",
  "version": "${version}",
  "environment": "*",
  "license": "Apache-2.0",
  "icon": "assets/fabric-object-builder-api-v1/icon.png",
  "contact": {
    "homepage": "https://fabricmc.net",
    "irc": "irc://irc.esper.net:6667/fabric",
    "issues": "https://github.com/FabricMC/fabric/issues",
    "sources": "https://github.com/FabricMC/fabric"
  },
  "authors": [
    "FabricMC"
  ],
  "depends": {
    "fabricloader": ">=0.8.2",
    "fabric-api-base": "*",
    "fabric-tool-attribute-api-v1": "*"
  },
  "description": "Builders for objects vanilla has locked down.",
  "mixins": [
    "fabric-object-builder-v1.mixins.json"
  ],
  "accessWidener" : "fabric-object-builder-api-v1.accesswidener",
  "custom": {
    "fabric-api:module-lifecycle": "stable"
  }
}
