{
  "schemaVersion": 1,
  "id": "fabric-events-interaction-v0",
  "name": "Fabric Events Interaction (v0)",
  "version": "${version}",
  "environment": "*",
  "license": "Apache-2.0",
  "icon": "assets/fabric-events-interaction-v0/icon.png",
  "contact": {
    "homepage": "https://fabricmc.net",
    "irc": "irc://irc.esper.net:6667/fabric",
    "issues": "https://github.com/FabricMC/fabric/issues",
    "sources": "https://github.com/FabricMC/fabric"
  },
  "authors": [
    "FabricMC"
  ],
  "depends": {
    "fabricloader": ">=0.4.0",
    "fabric-api-base": "*",
    "minecraft": ">=1.15-alpha.19.37.a"
  },
  "entrypoints": {
    "main": [
      "net.fabricmc.fabric.impl.event.interaction.InteractionEventsRouter"
    ],
    "client": [
      "net.fabricmc.fabric.impl.event.interaction.InteractionEventsRouterClient"
    ]
  },
  "description": "Events for player interaction with blocks and entities.",
  "mixins": [
    "fabric-events-interaction-v0.mixins.json"
  ],
  "custom": {
    "fabric-api:module-lifecycle": "stable"
  }
}
